{
    "ID": "1010001",
    "Slave": 1,
    "GroupSN": 0,
    "Addr": [40300, 40302, 40304, 40306, 40314, 40317, 40320, 40331, 40333, 40351, 40353, 40355, 40357, 40359, 40361, 40363, 40365, 40367, 40369, 40371, 40373, 40402, 40404, 40981, 40983, 40984, 40985, 40991, 40993, 41001, 41251, 41501, 41751],
    "Value": [[0.6], [0.75], [0.5], [25.5], [97.02], [1], [1], [30.5], [34.5], [8.98], [9.01], [8.78], [220.4], [221.3], [220.9], [46.7], [21.3], [16.5], [2.3], [0.4], [0.5], [60], [60.5], [30], [200], [200], ["202200070030002000350037"], [4.16], [4.18], [0.0, 0.0, 0.0, 0.01, 0.01, 0.03, 0.04, 0.049999997, 0.07, 0.089999996, 0.12, 0.14, 0.17, 0.19999999, 0.22999999, 0.26999998, 0.31, 0.34, 0.39, 0.42999998, 0.47, 0.52, 0.56, 0.61, 0.65999997, 0.71, 0.77, 0.83, 0.88, 0.94, 1.0, 1.06, 1.12, 1.18, 1.24, 1.3, 1.36, 1.43, 1.49, 1.55, 1.62, 1.68, 1.75, 1.81, 1.87, 1.9399999, 2.0, 2.06, 2.12, 2.18, 2.24, 2.3, 2.36, 2.4199998, 2.48, 2.54, 2.6, 2.6499999, 2.71, 2.76, 2.81, 2.87, 2.9199998, 2.97, 3.02, 3.07, 3.11, 3.1599998, 3.21, 3.25, 3.3, 3.34, 3.3799999, 3.4299998, 3.47, 3.51, 3.54, 3.58, 3.62, 3.6599998, 3.6899998, 3.73, 3.76, 3.79, 3.83, 3.86, 3.8899999, 3.9099998, 3.9399998, 3.97, 3.99, 4.02, 4.04, 4.06, 4.0899997, 4.1, 4.12, 4.14, 4.15, 4.17, 4.18, 4.19, 4.2, 4.2, 4.21, 4.21, 4.21, 4.21, 4.21, 4.2, 4.19, 4.18, 4.17, 4.15, 4.13, 4.11, 4.0899997, 4.06, 4.0299997, 4.0, 3.97, 3.9299998, 3.8999999, 3.86, 3.81, 3.77, 3.73, 3.6799998, 3.6299999, 3.58, 3.53, 3.47, 3.4099998, 3.35, 3.29, 3.23, 3.1699998, 3.11, 3.05, 2.98, 2.9199998, 2.86, 2.8, 2.73, 2.6599998, 2.6, 2.53, 2.46, 2.3999999, 2.33, 2.26, 2.2, 2.1299999, 2.06, 2.0, 1.93, 1.86, 1.8, 1.73, 1.67, 1.5999999, 1.54, 1.4699999, 1.41, 1.35, 1.29, 1.22, 1.16, 1.1, 1.04, 0.98999995, 0.93, 0.87, 0.82, 0.77, 0.71, 0.65999997, 0.61, 0.56, 0.52, 0.47, 0.42999998, 0.39, 0.35, 0.31, 0.26999998, 0.24, 0.21, 0.17999999, 0.14999999, 0.12, 0.099999994, 0.08, 0.06, 0.04, 0.03, 0.02, 0.01, 0.0, 0.0], [29.13, 29.46, 30.58, 31.46, 31.92, 32.48, 33.059998, 33.68, 34.41, 36.11, 37.45, 38.52, 39.989998, 40.93, 42.37, 44.559998, 46.7, 48.82, 51.0, 53.32, 55.17, 56.93, 58.17, 57.69, 56.52, 55.21, 54.0, 52.62, 51.809998, 51.61, 51.949997, 52.61, 53.219997, 53.699997, 54.289997, 54.469997, 54.32, 53.989998, 53.43, 52.649998, 51.84, 51.27, 51.03, 50.96, 50.96, 51.02, 51.18, 51.39, 51.59, 51.649998, 51.64, 51.57, 51.44, 51.25, 51.01, 50.75, 50.67, 50.59, 50.55, 50.629997, 50.899998, 51.16, 51.3, 51.379997, 51.52, 51.61, 51.5, 51.379997, 51.28, 51.18, 51.03, 50.94, 50.91, 50.94, 50.95, 50.98, 51.07, 51.239998, 51.28, 51.26, 51.21, 51.17, 51.11, 50.969997, 50.69, 50.64, 50.64, 50.64, 50.66, 50.719997, 50.8, 50.86, 50.86, 50.84, 50.809998, 50.76, 50.629997, 50.55, 50.52, 50.51, 50.51, 50.53, 50.57, 50.67, 50.77, 50.78, 50.71, 49.789997, 48.52, 47.32, 46.96, 46.28, 45.34, 44.26, 43.67, 43.16, 42.46, 41.21, 39.92, 38.239998, 36.12, 34.45, 32.7, 30.65, 28.09, 25.359999, 22.66, 20.58, 20.35, 21.529999, 23.359999, 25.35, 27.119999, 28.519999, 29.24, 28.769999, 27.5, 26.01, 24.64, 23.48, 22.83, 22.8, 23.48, 24.279999, 25.08, 25.789999, 26.3, 26.359999, 26.029999, 25.43, 24.98, 24.59, 24.33, 24.369999, 24.4, 24.59, 24.92, 25.14, 25.4, 25.64, 25.779999, 25.74, 25.689999, 25.65, 25.65, 25.59, 25.55, 25.57, 25.65, 25.789999, 25.96, 26.14, 26.3, 26.4, 26.449999, 26.529999, 26.599998, 26.65, 26.72, 26.75, 26.84, 27.0, 27.22, 27.349998, 27.56, 27.849998, 27.97, 28.099998, 28.23, 28.31, 28.39, 28.43, 28.47, 28.58, 28.66, 28.76, 28.89, 29.029999, 29.189999, 29.369999], [1.16,1.06,1.06,1.28,1.76,1.76,2.07,2.07,2.62,2.76,2.86,2.9199998,3.1899998,3.3799999,3.51,3.6399999,3.85,3.8799999,4.0299997,4.12,4.25,4.2799997,4.3399997,4.41,4.45,4.45,4.5299997,4.5299997,4.5299997,4.5299997,4.5699997,4.5699997,4.5699997,4.43,4.43,4.43,4.38,4.27,4.18,4.18,3.9099998,3.9099998,3.9099998,3.9099998,3.78,3.78,3.47,3.47,3.36,3.36,3.36,3.11,3.11,2.8899999,2.8799999,2.9099998,2.72,2.72,2.72,2.52,2.52,2.52,2.53,2.53,2.35,2.35,2.35,2.35,2.35,2.34,2.32,2.32,2.35,2.3799999,2.3799999,2.3799999,2.4099998,2.4099998,2.51,2.51,2.6399999,2.6399999,2.6399999,2.6399999,2.7,2.8,2.81,2.81,2.86,2.86,2.86,2.86,2.98,2.98,3.0,3.0,3.05,3.04,3.04,3.04,2.99,2.99,2.99,2.86,2.86,2.7,2.7,2.57,2.57,2.57,2.35,2.31,2.3,2.3,2.3,2.3,2.09,2.09,1.89,1.89,1.89,1.64,1.5699999,1.49,1.53,1.5699999,1.6899999,1.81,2.1299999,2.28,2.28,2.6499999,3.1299999,3.32,3.6299999,3.79,3.9499998,3.9399998,3.8999999,3.8999999,3.9499998,3.9499998,4.0099998,4.0099998,4.14,4.14,4.14,4.06,4.06,4.14,4.14,4.14,4.17,4.17,4.0699997,4.0699997,4.1,4.1,4.1,3.9099998,3.87,3.87,3.87,3.78,3.58,3.58,3.58,3.4399998,3.4399998,3.4399998,3.33,3.33,3.1,3.1,3.1,2.84,2.77,2.77,2.77,2.49,2.49,2.32,2.32,2.32,2.12,2.12,2.12,1.92,1.92,1.92,1.6999999,1.65,1.5799999,1.5799999,1.42,1.42,1.3299999,1.3299999,1.3299999,1.16], [10.599999,10.5199995,10.5199995,10.66,10.51,10.51,10.7,10.7,10.75,10.7,10.75,10.76,11.0,11.01,11.0,11.0199995,11.19,11.24,11.259999,11.219999,11.25,11.25,11.45,11.44,11.37,11.37,11.29,11.29,11.46,11.46,11.349999,11.349999,11.349999,11.42,11.42,11.42,11.28,11.21,11.23,11.23,11.09,11.09,11.09,11.09,11.08,11.08,10.94,10.94,10.96,10.96,10.96,10.84,10.84,10.73,10.7699995,10.86,10.74,10.74,10.74,10.67,10.67,10.67,10.71,10.71,10.59,10.59,10.75,10.75,10.75,10.62,10.62,10.62,10.719999,10.61,10.61,10.61,10.7699995,10.7699995,10.639999,10.639999,10.71,10.71,10.71,10.71,10.69,10.7699995,10.82,10.82,10.79,10.79,10.79,10.79,10.86,10.86,10.7699995,10.7699995,10.809999,10.88,10.88,10.88,10.719999,10.719999,10.719999,10.849999,10.849999,10.65,10.65,10.7699995,10.7699995,10.7699995,10.58,10.59,10.73,10.73,10.73,10.73,10.54,10.54,10.67,10.67,10.67,10.51,10.51,10.63,10.59,10.55,10.51,10.58,10.719999,10.7699995,10.7699995,10.79,10.92,11.04,11.21,11.24,11.059999,11.04,11.13,11.13,11.16,11.16,11.139999,11.139999,11.2699995,11.2699995,11.2699995,11.07,11.07,11.34,11.34,11.34,11.17,11.17,11.25,11.25,11.15,11.15,11.15,11.08,11.139999,11.139999,11.139999,11.03,11.0,11.0,11.0,10.9,10.9,10.9,10.889999,10.889999,10.849999,10.849999,10.849999,10.8,10.8,10.8,10.8,10.63,10.63,10.75,10.75,10.75,10.57,10.57,10.57,10.66,10.66,10.66,10.469999,10.55,10.63,10.63,10.53,10.53,10.53,10.53,10.53,10.599999]],
    "RawData": ""
}