{
    "ID": "1010004",
    "Slave": 1,
    "GroupSN": 0,
    "Addr": [40300, 40302, 40304, 40306, 40314, 40317, 40320, 40329, 40331, 40351, 40353, 40355, 40357, 40359, 40361, 40363, 40365, 40367, 40369, 40371, 40373, 40402, 40404, 40981, 40983, 40984, 40985, 40991, 40993, 41001, 41251, 41501, 41751],
    "Value": [[0.6], [0.75], [0.5], [25.5], [97.02], [1], [1], [30.5], [34.5], [8.98], [9.01], [8.78], [220.4], [221.3], [220.9], [46.7], [21.3], [16.5], [2.3], [0.4], [0.5], [60], [60.5], [30], [200], [200], ["202200070030002000350037"], [2.67], [2.37], [0.0,0.0,0.0,0.01,0.02,0.03,0.04,0.049999997,0.07,0.08,0.099999994,0.12,0.14,0.16,0.17999999,0.19999999,0.22999999,0.25,0.28,0.31,0.32999998,0.35999998,0.39,0.42,0.45,0.48,0.51,0.53999996,0.57,0.59999996,0.64,0.66999996,0.7,0.74,0.77,0.81,0.84,0.88,0.90999997,0.95,0.97999996,1.02,1.06,1.09,1.13,1.17,1.1999999,1.24,1.28,1.31,1.35,1.39,1.42,1.4599999,1.5,1.53,1.5699999,1.61,1.64,1.68,1.7099999,1.75,1.78,1.8199999,1.8499999,1.89,1.92,1.9499999,1.9799999,2.02,2.05,2.08,2.11,2.1499999,2.18,2.21,2.24,2.27,2.3,2.33,2.36,2.3899999,2.4199998,2.45,2.47,2.49,2.52,2.54,2.56,2.57,2.59,2.6,2.62,2.6299999,2.6399999,2.6499999,2.6499999,2.6599998,2.6699998,2.6699998,2.6699998,2.6699998,2.6699998,2.6699998,2.6699998,2.6599998,2.6599998,2.6599998,2.6499999,2.6399999,2.6399999,2.6299999,2.62,2.61,2.6,2.59,2.58,2.56,2.55,2.54,2.52,2.51,2.49,2.47,2.46,2.44,2.4199998,2.3999999,2.3799999,2.36,2.34,2.32,2.3,2.28,2.25,2.23,2.21,2.18,2.1499999,2.1299999,2.1,2.07,2.04,2.01,1.9799999,1.9499999,1.92,1.89,1.86,1.8199999,1.79,1.75,1.7099999,1.67,1.64,1.5999999,1.56,1.52,1.4699999,1.43,1.39,1.3399999,1.3,1.25,1.2099999,1.16,1.11,1.06,1.02,0.96999997,0.91999996,0.87,0.82,0.77,0.71999997,0.66999996,0.62,0.58,0.53,0.48,0.44,0.39999998,0.35999998,0.32,0.28,0.25,0.21,0.17999999,0.14999999,0.13,0.099999994,0.08,0.06,0.04,0.03,0.02,0.01,0.0,0.0,0.0], [17.15,18.5,19.039999,19.34,19.539999,19.619999,19.5,19.64,19.689999,19.89,19.75,19.699999,19.699999,19.64,19.699999,19.779999,19.789999,19.72,19.73,19.75,19.699999,19.84,19.85,19.82,19.75,19.83,19.74,19.82,19.88,19.88,19.84,19.85,19.82,19.82,19.81,19.859999,19.779999,19.84,19.789999,19.76,19.699999,19.74,19.689999,19.66,19.67,19.63,19.52,19.289999,19.22,19.039999,19.13,19.17,19.18,19.17,19.15,19.06,19.08,19.15,19.21,19.23,19.22,19.199999,19.119999,19.14,19.17,19.24,19.25,19.35,19.31,19.39,19.46,19.59,19.66,19.55,19.31,19.27,19.35,19.449999,19.52,19.539999,19.539999,19.369999,19.32,19.33,19.39,19.439999,19.5,19.42,19.23,19.23,19.22,19.279999,19.31,19.289999,19.189999,19.1,19.1,19.09,19.06,19.06,18.49,17.5,17.14,16.859999,16.66,16.57,16.57,16.07,16.06,15.969999,15.99,16.01,16.01,15.929999,15.91,15.87,15.87,15.849999,15.82,15.78,15.7699995,15.73,15.71,15.71,15.67,15.67,15.63,15.589999,15.54,15.5199995,15.48,15.429999,15.389999,15.38,15.32,15.28,15.24,15.219999,15.179999,15.11,15.08,15.059999,14.969999,14.9,14.809999,14.74,14.679999,14.61,14.509999,14.45,14.38,14.349999,14.32,14.299999,14.23,14.16,14.11,14.17,14.29,14.45,14.549999,14.549999,14.49,14.36,14.4,14.41,14.44,14.469999,14.57,14.49,14.5,14.429999,14.679999,14.67,14.9,14.9,14.98,14.849999,15.23,15.38,15.349999,15.599999,15.49,15.67,15.839999,16.05,16.109999,16.109999,16.23,16.289999,16.35,16.529999,16.71,16.75,16.71,16.869999,16.84,16.83,17.029999,17.359999], [3.31,3.31,3.6299999,3.6299999,3.8999999,3.8999999,3.8999999,4.0,4.0,4.0099998,4.0099998,4.0099998,4.0099998,4.0099998,3.8799999,3.8799999,3.8799999,3.82,3.82,3.82,3.6,3.6,3.3,3.3,3.1399999,3.1399999,3.1399999,2.9099998,2.9099998,2.59,2.59,2.59,2.32,2.32,2.05,2.05,1.79,1.79,1.79,1.79,1.48,1.36,1.36,1.36,1.0,1.0,1.0,0.78999996,0.78999996,0.65,0.65,0.42999998,0.39,0.39,0.34,0.34,0.26,0.26,0.26,0.24,0.24,0.24,0.22999999,0.22999999,0.22999999,0.22999999,0.22999999,0.22999999,0.22999999,0.22999999,0.22999999,0.22999999,0.22999999,0.22999999,0.22999999,0.22999999,0.22999999,0.22999999,0.22999999,0.22999999,0.22999999,0.22999999,0.22999999,0.22999999,0.22999999,0.22999999,0.22999999,0.22999999,0.22999999,0.22999999,0.22999999,0.22999999,0.22999999,0.22999999,0.22999999,0.22999999,0.22,0.22,0.22,0.22,0.22999999,0.22999999,0.22999999,0.22999999,1.3299999,1.3299999,1.9699999,1.9699999,1.9699999,2.18,2.18,2.51,2.51,2.51,2.87,2.87,3.06,3.1799998,3.1799998,3.3799999,3.3799999,3.6,3.6,3.6,3.9299998,3.9299998,3.9299998,4.04,4.04,4.16,4.16,4.16,4.36,4.36,4.42,4.42,4.41,4.41,4.41,4.47,4.47,4.43,4.43,4.43,4.2599998,4.2599998,4.2599998,4.19,4.0699997,4.04,4.04,4.04,3.6499999,3.6499999,3.6499999,3.47,3.21,3.21,3.21,2.84,2.84,2.84,2.47,2.47,2.19,2.19,1.8499999,1.8499999,1.8499999,1.41,1.41,1.12,1.12,0.72999996,0.72999996,0.72999996,0.45,0.45,0.45,0.29999998,0.22999999,0.22999999,0.32,0.32,0.59999996,0.77,0.83,1.0,1.1899999,1.7099999,1.7099999,1.7099999,2.1,2.1,2.1,2.3899999,2.86,2.86,2.86,3.31], [4.24,4.24,4.62,4.62,5.14,5.14,5.14,4.66,4.66,4.97,4.97,4.97,5.0699997,5.0699997,4.63,4.63,4.63,4.61,4.61,4.61,4.48,4.48,3.75,3.75,3.8999999,3.8999999,3.8999999,3.73,3.73,3.1899998,3.1899998,3.1899998,2.75,2.75,2.44,2.44,1.9799999,1.9799999,1.9799999,1.9799999,1.77,1.66,1.66,1.66,1.15,1.15,1.15,0.9,0.9,0.66999996,0.66999996,0.45,0.44,0.44,0.39999998,0.39999998,0.37,0.37,0.37,0.37,0.37,0.37,0.37,0.37,0.37,0.37,0.37,0.37,0.35999998,0.37,0.37,0.37,0.35999998,0.35999998,0.35999998,0.37,0.37,0.37,0.37,0.35999998,0.35999998,0.38,0.38,0.38,0.37,0.37,0.37,0.37,0.37,0.37,0.37,0.37,0.37,0.37,0.35999998,0.35999998,0.37,0.37,0.37,0.37,0.38,0.37,0.37,0.37,1.9399999,1.9399999,2.56,2.56,2.56,2.9299998,2.9299998,3.25,3.25,3.25,3.51,3.51,3.97,4.24,4.24,4.5499997,4.5499997,4.5099998,4.5099998,4.5099998,4.89,4.89,4.89,5.12,5.12,5.2799997,5.2799997,5.2799997,5.2999997,5.2999997,5.6099997,5.6099997,5.27,5.27,5.27,5.35,5.35,5.5499997,5.5499997,5.5499997,5.16,5.16,5.16,4.89,4.96,4.7999997,4.7999997,4.7999997,4.33,4.33,4.33,4.15,3.75,3.75,3.75,3.51,3.51,3.51,2.84,2.84,2.31,2.31,2.1399999,2.1399999,2.1399999,1.63,1.63,1.3299999,1.3299999,0.89,0.89,0.89,0.45999998,0.45999998,0.45999998,0.38,0.37,0.39,0.59999996,0.59999996,1.31,1.17,1.27,1.54,1.8199999,2.73,2.73,2.73,3.1,3.1,3.1,3.23,3.6599998,3.6599998,3.6599998,4.24]],
    "RawData": ""
}