{
    "ID": "1010006",
    "Slave": 1,
    "GroupSN": 0,
    "Addr": [40300, 40302, 40304, 40306, 40327, 40317, 40320, 40331, 40333, 40351, 40353, 40355, 40357, 40359, 40361, 40363, 40365, 40367, 40369, 40371, 40373, 40402, 40404, 40981, 40983, 40984, 40985, 40991, 40993, 41001, 41251, 41501, 41751],
    "Value": [[0.6], [0.75], [0.5], [25.5], [97.02], [0], [1], [30.5], [34.5], [8.98], [9.01], [8.78], [220.4], [221.3], [220.9], [46.7], [21.3], [16.5], [2.3], [0.4], [0.5], [60], [60.5], [30], [200], [200], ["202200080009002000350037_simulate"], [2.26], [1.60],[0.0,0.0,0.0,0.0,0.01,0.01,0.01,0.02,0.03,0.03,0.04,0.049999997,0.06,0.07,0.08,0.089999996,0.11,0.12,0.13,0.14999999,0.16,0.17999999,0.19999999,0.21,0.22999999,0.25,0.26999998,0.29,0.31,0.32999998,0.35,0.37,0.39999998,0.42,0.44,0.47,0.48999998,0.51,0.53999996,0.56,0.58,0.61,0.63,0.65999997,0.68,0.71,0.72999996,0.76,0.78,0.81,0.83,0.85999995,0.88,0.90999997,0.93,0.96,0.97999996,1.0,1.03,1.05,1.0699999,1.09,1.11,1.14,1.16,1.18,1.1999999,1.22,1.24,1.26,1.27,1.29,1.31,1.3299999,1.35,1.36,1.38,1.39,1.41,1.42,1.4399999,1.4499999,1.4599999,1.48,1.49,1.5,1.51,1.52,1.53,1.54,1.55,1.56,1.56,1.5699999,1.5799999,1.5799999,1.5899999,1.5899999,1.5999999,1.5999999,1.5999999,1.5999999,1.5999999,1.5999999,1.5999999,1.5999999,1.5999999,1.5999999,1.5999999,1.5899999,1.5899999,1.5799999,1.5799999,1.5699999,1.56,1.55,1.54,1.53,1.52,1.51,1.5,1.48,1.4699999,1.4499999,1.4399999,1.42,1.41,1.39,1.37,1.35,1.3299999,1.31,1.29,1.27,1.25,1.23,1.2099999,1.18,1.16,1.13,1.11,1.0799999,1.06,1.03,1.01,0.97999996,0.96,0.93,0.9,0.88,0.84999996,0.82,0.79999995,0.77,0.74,0.71999997,0.69,0.66999996,0.64,0.61,0.59,0.56,0.53999996,0.51,0.48999998,0.47,0.44,0.42,0.39999998,0.37,0.35,0.32999998,0.31,0.29,0.26999998,0.25,0.22999999,0.21,0.19,0.17999999,0.16,0.14999999,0.13,0.12,0.099999994,0.089999996,0.08,0.07,0.049999997,0.049999997,0.04,0.03,0.02,0.02,0.01,0.01,0.0,0.0,0.0,0.0],[18.369999,18.33,18.26,18.48,19.43,20.199999,20.609999,21.1,21.689999,21.869999,22.189999,22.41,22.9,23.3,23.73,24.449999,24.89,25.369999,26.05,26.67,27.4,28.119999,28.859999,29.619999,30.24,29.89,29.31,28.76,29.15,29.75,29.99,29.929998,29.41,29.269999,29.34,29.599998,29.98,29.859999,29.539999,29.359999,29.369999,29.56,29.789999,29.81,29.66,29.39,29.47,29.64,29.689999,29.76,29.539999,29.59,29.41,29.51,29.57,29.57,29.63,29.369999,29.449999,29.39,29.539999,29.51,29.439999,29.5,29.32,29.4,29.279999,29.42,29.34,29.4,29.22,29.189999,29.25,29.24,29.34,29.14,29.24,29.099998,29.119999,29.06,29.099998,29.109999,29.05,28.97,28.869999,28.96,28.93,28.949999,28.84,28.81,28.81,28.769999,28.789999,28.699999,28.71,28.66,28.63,28.57,28.529999,28.48,28.42,28.439999,28.39,28.369999,28.33,28.31,27.539999,26.789999,26.349998,25.93,25.47,25.07,24.73,24.49,24.6,24.83,25.06,24.98,24.72,24.539999,24.529999,24.63,24.67,24.699999,24.51,24.43,24.33,24.39,24.55,24.42,24.369999,24.18,24.22,24.22,24.34,24.25,24.18,24.13,24.029999,24.109999,24.06,24.14,24.1,23.99,23.97,23.97,24.019999,24.029999,24.06,23.92,24.01,23.82,24.019999,23.93,24.1,23.98,23.91,23.98,23.949999,24.09,23.91,24.09,23.88,24.09,24.019999,24.01,23.9,24.0,24.029999,24.05,24.039999,23.949999,23.859999,23.73,23.539999,22.939999,22.07,21.27,20.72,19.82,18.93,18.19,17.539999,16.619999,16.71,17.279999,18.02,17.97,17.699999,17.26,17.449999,17.69,17.96,18.09,17.89,17.789999,17.74,18.06,18.279999,18.4], [0.0,0.0,0.0,0.0,0.0,0.0,0.0,0.0,0.0,0.0,0.0,0.0,0.0,0.0,0.0,0.0,0.0,0.0,0.0,0.0,0.0,0.0,0.0,0.0,0.0,0.0,0.0,0.0,0.0,0.0,0.0,0.0,0.0,0.0,0.0,0.0,0.0,0.0,0.0,0.0,0.0,0.0,0.0,0.0,0.0,0.0,0.0,0.0,0.0,0.0,0.0,0.0,0.0,0.0,0.0,0.0,0.0,0.0,0.0,0.0,0.0,0.0,0.0,0.0,0.0,0.0,0.0,0.0,0.0,0.0,0.0,0.0,0.0,0.0,0.0,0.0,0.0,0.0,0.0,0.0,0.0,0.0,0.0,0.0,0.0,0.0,0.0,0.0,0.0,0.0,0.0,0.0,0.0,0.0,0.0,0.0,0.0,0.0,0.0,0.0,0.0,0.0,0.0,0.0,0.0,0.0,0.0,0.0,0.0,0.0,0.0,0.0,0.0,0.0,0.0,0.0,0.0,0.0,0.0,0.0,0.0,0.0,0.0,0.0,0.0,0.0,0.0,0.0,0.0,0.0,0.0,0.0,0.0,0.0,0.0,0.0,0.0,0.0,0.0,0.0,0.0,0.0,0.0,0.0,0.0,0.0,0.0,0.0,0.0,0.0,0.0,0.0,0.0,0.0,0.0,0.0,0.0,0.0,0.0,0.0,0.0,0.0,0.0,0.0,0.0,0.0,0.0,0.0,0.0,0.0,0.0,0.0,0.0,0.0,0.0,0.0,0.0,0.0,0.0,0.0,0.0,0.0,0.0,0.0,0.0,0.0,0.0,0.0,0.0,0.0,0.0,0.0,0.0,0.0,0.0,0.0,0.0,0.0,0.0,0.0], [0.0,0.0,0.0,0.0,0.0,0.0,0.0,0.0,0.0,0.0,0.0,0.0,0.0,0.0,0.0,0.0,0.0,0.0,0.0,0.0,0.0,0.0,0.0,0.0,0.0,0.0,0.0,0.0,0.0,0.0,0.0,0.0,0.0,0.0,0.0,0.0,0.0,0.0,0.0,0.0,0.0,0.0,0.0,0.0,0.0,0.0,0.0,0.0,0.0,0.0,0.0,0.0,0.0,0.0,0.0,0.0,0.0,0.0,0.0,0.0,0.0,0.0,0.0,0.0,0.0,0.0,0.0,0.0,0.0,0.0,0.0,0.0,0.0,0.0,0.0,0.0,0.0,0.0,0.0,0.0,0.0,0.0,0.0,0.0,0.0,0.0,0.0,0.0,0.0,0.0,0.0,0.0,0.0,0.0,0.0,0.0,0.0,0.0,0.0,0.0,0.0,0.0,0.0,0.0,0.0,0.0,0.0,0.0,0.0,0.0,0.0,0.0,0.0,0.0,0.0,0.0,0.0,0.0,0.0,0.0,0.0,0.0,0.0,0.0,0.0,0.0,0.0,0.0,0.0,0.0,0.0,0.0,0.0,0.0,0.0,0.0,0.0,0.0,0.0,0.0,0.0,0.0,0.0,0.0,0.0,0.0,0.0,0.0,0.0,0.0,0.0,0.0,0.0,0.0,0.0,0.0,0.0,0.0,0.0,0.0,0.0,0.0,0.0,0.0,0.0,0.0,0.0,0.0,0.0,0.0,0.0,0.0,0.0,0.0,0.0,0.0,0.0,0.0,0.0,0.0,0.0,0.0,0.0,0.0,0.0,0.0,0.0,0.0,0.0,0.0,0.0,0.0,0.0,0.0,0.0,0.0,0.0,0.0,0.0,0.0]],
    "RawData": ""
}