{
    "ID": "1010003",
    "Slave": 1,
    "GroupSN": 0,
    "Addr": [40300, 40302, 40304, 40306, 40314, 40317, 40320, 40331, 40333, 40351, 40353, 40355, 40357, 40359, 40361, 40363, 40365, 40367, 40369, 40371, 40373, 40402, 40404, 40981, 40983, 40984, 40985, 40991, 40993, 41001, 41251, 41501, 41751],
    "Value": [[0.6], [0.75], [0.5], [25.5], [97.02], [1], [1], [30.5], [34.5], [8.98], [9.01], [8.78], [220.4], [221.3], [220.9], [46.7], [21.3], [16.5], [2.3], [0.4], [0.5], [60], [60.5], [30], [200], [200], ["202200080009002000350037_simulate"], [3.15], [1.56], [0.0,0.0,0.0,0.0,0.01,0.01,0.02,0.02,0.03,0.04,0.049999997,0.06,0.07,0.08,0.089999996,0.099999994,0.12,0.13,0.14,0.16,0.17,0.19,0.21,0.22,0.24,0.26,0.28,0.29999998,0.32,0.34,0.35999998,0.38,0.39999998,0.42999998,0.45,0.47,0.5,0.52,0.53999996,0.57,0.59,0.61,0.64,0.65999997,0.68,0.71,0.72999996,0.75,0.77,0.79999995,0.82,0.84,0.85999995,0.89,0.90999997,0.93,0.95,0.96999997,1.0,1.02,1.04,1.06,1.0799999,1.1,1.12,1.14,1.16,1.18,1.1999999,1.22,1.24,1.25,1.27,1.29,1.31,1.3199999,1.3399999,1.35,1.37,1.38,1.4,1.41,1.42,1.4399999,1.4499999,1.4599999,1.4699999,1.48,1.49,1.5,1.51,1.51,1.52,1.53,1.53,1.54,1.54,1.55,1.55,1.55,1.56,1.56,1.56,1.56,1.56,1.56,1.56,1.55,1.55,1.55,1.54,1.54,1.53,1.53,1.52,1.51,1.5,1.49,1.48,1.4699999,1.4499999,1.4399999,1.43,1.41,1.4,1.38,1.36,1.35,1.3299999,1.31,1.29,1.27,1.25,1.23,1.2099999,1.1899999,1.17,1.15,1.13,1.1,1.0799999,1.06,1.03,1.01,0.98999995,0.96,0.94,0.90999997,0.89,0.85999995,0.84,0.81,0.78999996,0.76,0.74,0.71,0.69,0.65999997,0.64,0.61,0.58,0.56,0.53999996,0.51,0.48999998,0.45999998,0.44,0.42,0.39999998,0.37,0.35,0.32999998,0.31,0.29,0.26999998,0.25,0.22999999,0.21,0.19,0.17,0.16,0.14,0.13,0.11,0.099999994,0.089999996,0.08,0.06,0.049999997,0.04,0.04,0.03,0.02,0.02,0.01,0.01,0.0,0.0,0.0,0.0], [16.949999,17.96,18.99,19.949999,20.85,21.84,22.67,23.38,24.15,24.9,25.57,26.13,26.73,27.41,28.17,28.869999,29.64,30.4,31.21,32.04,32.899998,33.8,34.64,35.28,35.489998,35.44,35.079998,34.67,34.52,34.46,34.5,34.829998,35.11,35.18,35.13,35.09,35.0,34.93,34.82,34.86,34.86,34.969997,35.04,35.03,35.0,34.98,34.92,34.93,34.92,34.899998,34.92,34.969997,35.0,34.989998,35.01,35.0,34.989998,34.98,34.95,34.94,34.96,34.969997,34.93,34.899998,34.91,34.88,34.88,34.88,34.87,34.87,34.88,34.78,34.719997,34.76,34.71,34.73,34.739998,34.71,34.7,34.59,34.52,34.489998,34.44,34.42,34.37,34.38,34.399998,34.41,34.38,34.34,34.219997,34.04,33.93,33.87,33.829998,33.79,33.76,33.719997,33.62,33.46,33.27,33.1,32.93,32.29,31.32,30.49,29.619999,28.71,27.82,26.92,26.099998,25.23,24.289999,23.46,22.75,22.13,21.51,20.789999,20.16,19.49,19.199999,19.35,19.65,19.98,20.22,20.23,20.02,19.72,19.35,19.17,19.21,19.22,19.35,19.43,19.449999,19.5,19.38,19.26,19.22,19.22,19.08,19.01,19.05,18.949999,18.96,18.92,18.89,18.85,18.85,18.76,18.83,18.77,18.81,18.64,18.71,18.73,18.72,18.75,18.77,18.789999,18.65,18.71,18.59,18.539999,18.529999,18.46,18.369999,18.25,18.05,18.09,15.04,11.53,11.53,11.469999,11.49,11.41,11.44,11.63,11.719999,11.849999,11.94,11.98,11.99,11.99,12.04,12.07,12.2699995,12.34,12.599999,12.67,12.88,13.07,13.259999,13.42,13.599999,13.86,14.32,14.7699995,16.06,18.23], [3.06,3.06,3.06,3.9199998,3.9199998,3.9199998,4.5299997,4.5299997,4.5299997,4.5299997,5.27,5.27,5.35,5.35,5.35,5.31,5.31,5.31,5.31,5.6299996,5.6299996,5.6299996,5.54,5.5,5.5,5.44,5.45,5.5099998,5.38,5.38,5.27,5.27,5.22,5.14,5.14,5.0499997,5.02,4.93,4.87,4.8399997,4.83,4.75,4.64,4.62,4.62,4.41,4.41,4.41,4.2,4.2,4.2,4.14,4.0699997,4.0699997,3.9199998,3.9199998,3.9199998,3.78,3.78,3.78,3.78,3.6399999,3.6399999,3.6399999,3.61,3.61,3.61,3.3899999,3.3899999,3.32,3.3,3.28,3.1999998,3.1999998,3.1999998,3.1999998,3.05,3.05,3.05,2.85,2.85,2.85,2.85,2.74,2.74,2.74,2.53,2.53,2.53,2.26,2.26,2.23,2.23,2.23,2.23,2.29,2.29,2.3899999,2.3899999,2.3899999,2.3899999,2.61,2.61,2.61,2.83,2.83,2.85,2.85,2.85,2.73,2.81,2.81,2.8899999,2.8899999,2.8899999,2.98,2.98,2.98,2.95,2.95,2.95,2.95,3.07,3.07,3.07,3.06,3.06,3.05,3.05,3.05,3.1,3.1,3.1,3.1,3.1,3.08,3.08,3.08,3.08,3.07,3.07,3.07,3.1899998,3.1899998,3.1899998,3.9399998,3.9399998,4.5899997,4.73,4.73,4.73,4.5899997,4.5899997,4.5899997,4.08,4.08,4.04,4.04,4.04,3.8,3.8,3.8,3.8,3.4099998,3.4099998,3.23,3.1399999,2.99,2.99,2.99,2.86,2.86,2.86,2.58,2.58,2.58,2.33,2.33,2.08,2.08,2.08,1.99,1.99,1.99,1.78,1.74,1.74,1.75,1.75,1.75,1.75,1.75,1.75,2.08,2.08,2.08,2.37,2.37,2.74,2.74], [12.429999,12.429999,12.429999,12.49,12.49,12.49,12.82,12.82,12.82,12.82,12.9,12.9,13.03,13.03,13.03,12.91,12.91,12.91,12.91,13.16,13.16,13.16,12.889999,13.099999,13.099999,13.049999,12.95,12.95,12.91,13.04,13.0,13.0,12.92,12.809999,12.809999,12.849999,12.87,12.849999,12.78,12.73,12.65,12.61,12.75,12.78,12.78,12.5,12.5,12.5,12.599999,12.599999,12.599999,12.45,12.38,12.38,12.57,12.57,12.57,12.33,12.33,12.33,12.33,12.41,12.41,12.41,12.349999,12.349999,12.349999,12.389999,12.389999,12.21,12.2699995,12.36,12.38,12.38,12.38,12.38,12.2,12.2,12.2,12.33,12.33,12.33,12.33,12.179999,12.179999,12.179999,12.29,12.29,12.29,12.24,12.24,12.2699995,12.2699995,12.2699995,12.2699995,12.13,12.13,12.2699995,12.2699995,12.2699995,12.2699995,12.179999,12.179999,12.179999,12.34,12.34,12.15,12.15,12.15,12.34,12.309999,12.309999,12.16,12.16,12.16,12.3,12.3,12.3,12.179999,12.179999,12.179999,12.179999,12.3,12.3,12.3,12.16,12.16,12.37,12.37,12.37,12.179999,12.179999,12.179999,12.179999,12.38,12.19,12.19,12.19,12.19,12.349999,12.349999,12.349999,12.21,12.21,12.21,12.7,12.7,12.66,12.7,12.7,12.7,12.73,12.73,12.73,12.4,12.4,12.61,12.61,12.61,12.34,12.34,12.34,12.34,12.46,12.46,12.23,12.179999,12.25,12.25,12.25,12.309999,12.309999,12.309999,12.12,12.12,12.12,12.2699995,12.2699995,12.07,12.07,12.07,12.259999,12.259999,12.259999,12.11,12.19,12.19,12.25,12.25,12.099999,12.099999,12.099999,12.099999,12.259999,12.259999,12.259999,12.12,12.12,12.309999,12.309999]],
    "RawData": ""
}