{
    "ID": "1010007",
    "Slave": 1,
    "GroupSN": 0,
    "Addr": [40300, 40302, 40304, 40306, 40314, 40317, 40320, 40331, 40333, 40351, 40353, 40355, 40357, 40359, 40361, 40363, 40365, 40367, 40369, 40371, 40373, 40402, 40404, 40981, 40983, 40984, 40985, 40991, 40993, 41001, 41251, 41501, 41751],
    "Value": [[0.6], [0.75], [0.5], [25.5], [97.02], [1], [1], [30.5], [34.5], [8.98], [9.01], [8.78], [220.4], [221.3], [220.9], [46.7], [21.3], [16.5], [2.3], [0.4], [0.5], [60], [60.5], [30], [200], [200], ["202200070030002000350037"], [2.5], [2.63],[0.0,0.0,0.0,0.01,0.01,0.02,0.03,0.04,0.049999997,0.06,0.08,0.099999994,0.12,0.14999999,0.17,0.19999999,0.22999999,0.26,0.29,0.32,0.35,0.39,0.42,0.45999998,0.48999998,0.53,0.57,0.61,0.65,0.69,0.72999996,0.77,0.81,0.84999996,0.89,0.94,0.97999996,1.02,1.06,1.11,1.15,1.1899999,1.23,1.28,1.3199999,1.36,1.4,1.4399999,1.48,1.53,1.5699999,1.61,1.65,1.6899999,1.73,1.76,1.8,1.8399999,1.88,1.91,1.9499999,1.99,2.02,2.05,2.09,2.12,2.1499999,2.18,2.2,2.23,2.26,2.28,2.31,2.33,2.35,2.37,2.3899999,2.4099998,2.4199998,2.44,2.45,2.46,2.47,2.48,2.48,2.49,2.5,2.5,2.5,2.5,2.5,2.5,2.5,2.5,2.49,2.49,2.48,2.47,2.47,2.46,2.45,2.45,2.44,2.4299998,2.4199998,2.4099998,2.3999999,2.3799999,2.37,2.36,2.35,2.33,2.32,2.3,2.29,2.27,2.26,2.24,2.22,2.21,2.19,2.1699998,2.1499999,2.1299999,2.12,2.1,2.08,2.06,2.03,2.01,1.99,1.9699999,1.9499999,1.93,1.9,1.88,1.86,1.8299999,1.81,1.78,1.76,1.73,1.6999999,1.68,1.65,1.62,1.5899999,1.5699999,1.54,1.51,1.48,1.4499999,1.41,1.38,1.35,1.3199999,1.28,1.25,1.2099999,1.18,1.14,1.11,1.0699999,1.03,0.98999995,0.95,0.90999997,0.87,0.83,0.78999996,0.75,0.71,0.66999996,0.63,0.59,0.55,0.51,0.47,0.44,0.39999998,0.35999998,0.32999998,0.29999998,0.26,0.22999999,0.21,0.17999999,0.14999999,0.13,0.11,0.089999996,0.07,0.049999997,0.04,0.03,0.02,0.01,0.01,0.0,0.0],[15.53,15.88,16.1,16.74,17.16,17.84,18.42,19.07,19.59,20.15,20.73,21.55,22.38,23.269999,24.08,24.89,25.599998,26.23,26.33,26.0,25.88,25.74,25.88,26.119999,26.16,26.05,25.82,25.89,26.06,26.18,26.23,26.16,26.019999,26.08,26.06,26.23,26.18,26.199999,26.18,26.32,26.43,26.66,26.71,26.769999,26.89,26.91,26.859999,26.83,26.9,26.93,26.9,26.84,26.869999,26.939999,26.96,26.81,26.769999,26.82,26.939999,26.859999,26.74,26.689999,26.74,26.83,26.84,26.72,26.74,26.74,26.789999,26.67,26.65,26.609999,26.59,26.55,26.49,26.55,26.529999,26.359999,26.25,26.099998,26.31,26.359999,26.279999,26.05,25.92,25.949999,26.01,25.99,25.88,25.63,25.48,25.42,25.13,24.31,23.83,23.39,22.99,22.619999,22.41,22.58,22.529999,22.58,22.38,22.34,22.33,22.33,22.39,22.26,22.17,22.109999,22.16,22.05,22.039999,22.05,21.93,21.89,21.82,21.779999,21.77,21.72,21.58,21.47,21.49,21.51,21.41,21.35,21.27,21.27,21.18,21.199999,21.02,20.89,20.76,20.65,20.58,20.39,20.06,19.779999,19.529999,19.21,18.68,18.13,17.449999,16.91,16.18,15.469999,15.21,15.339999,15.44,15.37,15.25,15.23,15.25,15.36,15.429999,15.36,15.29,15.139999,15.21,15.23,15.309999,15.219999,15.099999,15.0,14.95,14.809999,14.679999,14.42,14.15,14.19,14.33,14.42,14.29,14.15,13.96,14.12,14.219999,14.259999,14.139999,14.15,14.13,14.17,14.33,14.259999,14.17,14.21,14.219999,14.37,14.5,14.469999,14.53,14.61,14.73,14.87,14.95,15.089999,15.32,15.429999,15.469999,15.639999], [1.55,1.41,1.68,1.68,1.81,1.9,1.9399999,2.33,2.77,2.8999999,3.21,3.37,3.81,4.14,4.29,4.48,4.48,4.83,4.83,5.31,5.31,5.72,5.72,5.72,6.1,6.1,5.95,5.95,5.9,5.9,5.9,5.9,3.08,3.08,3.08,3.08,2.82,2.82,2.62,2.62,2.4199998,2.4199998,2.4199998,2.29,2.1499999,2.1499999,2.1499999,2.1499999,1.93,1.93,1.8299999,1.8299999,1.7099999,1.7099999,1.7099999,1.55,1.52,1.4499999,1.4499999,1.4499999,1.29,1.29,1.31,1.31,1.09,1.09,1.09,1.09,0.98999995,0.96,0.96,0.96,0.90999997,0.91999996,0.91999996,0.91999996,0.90999997,0.90999997,0.90999997,0.94,0.94,0.94,0.61,0.61,0.66999996,0.66999996,0.76,0.76,0.84999996,1.15,1.15,1.15,1.42,1.42,1.55,1.55,1.55,1.68,1.68,1.68,1.79,1.9,1.9,1.9,2.03,2.03,2.08,2.08,2.2,2.2,2.2,2.3,2.3,2.3,2.3899999,2.3899999,2.45,2.45,2.5,2.5,2.51,2.53,2.53,2.53,2.58,2.58,2.59,2.59,2.62,2.62,2.62,2.62,2.6699998,2.6699998,2.73,2.73,2.85,2.85,2.9399998,2.9399998,3.1799998,3.23,3.25,3.22,2.96,2.8899999,2.83,2.84,2.85,2.75,2.7,2.61,2.4199998,2.33,2.31,2.28,2.21,1.9,1.9,1.9,1.7099999,1.7099999,1.7099999,1.42,1.24,1.24,1.24,1.16,1.16,0.68,0.68,0.39999998,0.39999998,0.39999998,0.42,0.42,0.22,0.17999999,0.14,0.13,0.12,0.11,0.11,0.11,0.11,0.11,0.11,0.11,0.13,0.17999999,0.31,0.31,0.41,0.58,0.58,0.72999996,0.72999996,0.95,0.95,1.12], [1.8299999,1.86,2.1599998,2.1599998,2.71,2.86,2.6699998,3.4299998,3.97,3.97,4.74,4.56,5.08,5.44,5.62,5.89,5.89,6.19,6.19,6.48,6.48,6.98,6.98,6.98,7.0099998,7.0099998,6.8599997,6.8599997,7.0899997,7.0899997,7.0899997,7.0899997,3.97,3.97,3.97,3.97,3.79,3.79,3.4099998,3.4099998,3.22,3.22,3.22,3.07,2.9299998,2.9299998,2.9299998,2.9299998,2.6599998,2.6599998,2.4099998,2.4099998,2.58,2.58,2.58,2.11,2.29,2.01,2.01,2.01,1.93,1.93,1.9,1.9,1.9399999,1.9399999,1.9399999,1.9399999,1.4699999,1.4599999,1.4599999,1.4599999,1.24,1.6999999,1.6999999,1.6999999,1.38,1.38,1.38,1.3,1.3,1.3,1.05,1.05,1.1999999,1.1999999,1.1899999,1.1899999,1.7099999,2.74,2.74,2.74,1.9699999,1.9699999,2.44,2.44,2.44,2.48,2.48,2.48,2.6399999,2.6799998,2.6799998,2.6799998,2.9399998,2.9399998,2.9299998,2.9299998,2.98,2.98,2.98,3.1,3.1,3.1,3.1399999,3.1399999,3.1999998,3.1999998,3.37,3.37,3.3899999,3.1499999,3.1499999,3.1499999,3.4099998,3.4099998,3.34,3.34,3.54,3.54,3.54,3.54,3.59,3.59,3.6299999,3.6299999,3.78,3.78,3.8899999,3.8899999,4.2799997,4.16,4.16,3.9499998,3.6699998,3.6799998,3.74,3.73,3.72,3.6399999,3.4399998,3.25,3.1999998,3.06,3.11,3.06,2.75,2.57,2.57,2.57,2.45,2.45,2.45,1.81,1.77,1.77,1.77,1.7199999,1.7199999,1.15,1.15,0.65999997,0.65999997,0.65999997,0.65999997,0.65999997,0.25,0.22,0.22,0.22999999,0.24,0.22,0.21,0.22,0.22,0.21,0.22,0.22999999,0.34,0.5,0.61,0.61,0.79999995,1.09,1.09,1.29,1.29,1.5799999,1.5799999,1.6899999]],
    "RawData": ""
}