{
    "ID": "1010009",
    "Slave": 1,
    "GroupSN": 0,
    "Addr": [40300, 40302, 40304, 40306, 40314, 40317, 40320, 40331, 40333, 40351, 40353, 40355, 40357, 40359, 40361, 40363, 40365, 40367, 40369, 40371, 40373, 40402, 40404, 40981, 40983, 40984, 40985, 40991, 40993, 41001, 41251, 41501, 41751],
    "Value": [[0.6], [0.75], [0.5], [25.5], [97.02], [1], [1], [30.5], [34.5], [8.98], [9.01], [8.78], [220.4], [221.3], [220.9], [46.7], [21.3], [16.5], [2.3], [0.4], [0.5], [60], [60.5], [30], [200], [200], ["202200080009002000350037_simulate"], [3.17], [2.43],[0.0,0.0,0.0,0.01,0.01,0.02,0.03,0.04,0.049999997,0.07,0.08,0.099999994,0.12,0.14,0.16,0.17999999,0.19999999,0.22999999,0.25,0.28,0.31,0.34,0.37,0.39999998,0.42999998,0.45999998,0.48999998,0.52,0.56,0.59,0.63,0.65999997,0.69,0.72999996,0.76,0.79999995,0.83,0.87,0.9,0.94,0.96999997,1.01,1.04,1.0799999,1.11,1.14,1.18,1.2099999,1.24,1.27,1.31,1.3399999,1.37,1.4,1.43,1.4599999,1.49,1.52,1.55,1.5799999,1.61,1.64,1.67,1.6899999,1.7199999,1.75,1.77,1.8,1.8199999,1.8499999,1.87,1.9,1.92,1.9399999,1.9699999,1.99,2.01,2.03,2.06,2.08,2.1,2.12,2.1399999,2.1599998,2.18,2.2,2.22,2.23,2.25,2.27,2.28,2.3,2.32,2.33,2.34,2.36,2.37,2.3799999,2.3899999,2.3999999,2.4099998,2.4099998,2.4199998,2.4199998,2.4299998,2.4299998,2.4299998,2.4299998,2.4299998,2.4299998,2.4199998,2.4199998,2.4099998,2.3999999,2.3899999,2.37,2.36,2.35,2.33,2.31,2.29,2.27,2.25,2.23,2.21,2.18,2.1599998,2.1299999,2.1,2.07,2.05,2.02,1.99,1.9599999,1.92,1.89,1.86,1.8299999,1.79,1.76,1.73,1.6899999,1.65,1.61,1.5699999,1.53,1.49,1.4499999,1.41,1.37,1.3299999,1.29,1.25,1.2099999,1.17,1.13,1.09,1.05,1.02,0.97999996,0.94,0.9,0.85999995,0.82,0.78999996,0.75,0.71,0.68,0.64,0.59999996,0.57,0.53999996,0.5,0.47,0.44,0.41,0.38,0.35,0.32,0.29,0.26,0.24,0.21,0.19,0.17,0.14999999,0.13,0.11,0.089999996,0.08,0.06,0.049999997,0.04,0.03,0.02,0.01,0.01,0.0,0.0,0.0],[20.07,20.76,21.42,21.93,22.4,22.59,22.789999,23.33,23.869999,24.47,24.9,25.529999,26.189999,26.74,27.43,27.97,28.59,29.22,30.0,30.82,31.619999,32.57,33.239998,34.05,34.42,34.23,33.82,33.48,33.219997,33.25,33.51,33.739998,33.91,33.969997,33.79,33.53,33.27,33.16,33.2,33.36,33.64,33.8,33.85,33.75,33.61,33.48,33.2,33.29,33.329998,33.36,33.399998,33.38,33.38,33.14,33.21,32.989998,33.059998,33.03,32.91,32.88,32.88,32.809998,32.739998,32.69,32.66,32.559998,32.61,32.59,32.66,32.469997,32.51,32.41,32.34,32.309998,32.27,32.26,32.26,32.26,32.19,32.19,32.12,32.03,32.02,31.939999,31.9,31.9,31.859999,31.88,31.849998,31.8,31.779999,31.679998,31.609999,31.58,31.529999,31.46,31.4,31.359999,31.23,31.16,30.97,30.779999,30.56,30.22,29.119999,28.09,27.4,26.76,26.07,25.72,25.369999,24.939999,24.82,24.75,24.539999,23.92,23.18,22.4,21.699999,21.14,20.35,19.42,18.13,16.89,15.759999,14.61,13.719999,13.46,13.92,14.32,14.759999,14.96,14.83,14.559999,14.09,13.86,13.86,14.059999,14.44,14.62,14.71,14.57,14.349999,14.16,14.0,14.15,14.179999,14.46,14.639999,14.53,14.67,14.37,14.33,14.23,14.2699995,14.389999,14.429999,14.69,14.599999,14.54,14.42,14.42,14.509999,14.53,14.71,14.679999,14.849999,14.889999,14.94,14.96,14.94,15.07,14.98,15.099999,15.23,15.389999,15.46,15.49,15.58,15.509999,15.639999,15.809999,15.86,15.9,15.96,16.09,16.199999,16.3,16.47,16.58,16.71,16.85,16.93,17.18,17.3,17.47,17.67,18.05,19.32,21.47], [0.90999997,0.90999997,0.90999997,0.90999997,0.96999997,0.96999997,1.16,1.16,1.16,1.79,1.79,2.03,2.53,2.75,3.1,3.3999999,3.8999999,3.8999999,4.0699997,4.61,4.72,5.02,5.6299996,6.2999997,6.6499996,7.18,7.64,7.83,8.03,7.8399997,7.71,7.64,7.6,7.6,7.6,7.6,8.0,8.0,8.0,7.5,7.5,7.5,7.1499996,7.1499996,7.1499996,7.0899997,7.0899997,7.0899997,7.0899997,6.19,6.19,5.91,5.91,5.81,5.81,5.6299996,5.6299996,5.6299996,5.6299996,4.99,4.99,4.99,4.8399997,4.8399997,4.8399997,4.8399997,4.52,4.52,4.21,4.21,4.21,4.2599998,4.29,4.27,4.27,4.16,4.16,4.16,4.16,4.2799997,4.2799997,4.2799997,4.2799997,4.29,4.29,4.29,4.29,4.39,4.39,4.39,4.5,4.5,4.49,4.48,4.48,4.37,4.37,4.37,4.21,4.2799997,4.22,4.22,3.9599998,3.9599998,3.9599998,3.9599998,3.51,3.31,3.1499999,3.1499999,3.1499999,2.83,2.83,2.83,2.83,2.3899999,2.3899999,2.12,2.12,2.12,2.1699998,2.1699998,2.1699998,2.1699998,2.1699998,2.55,2.55,3.4399998,3.6499999,3.6499999,3.6499999,4.54,4.54,4.23,4.23,4.23,4.18,4.18,4.7599998,4.7599998,4.7599998,4.81,4.81,4.81,4.81,4.67,4.67,4.67,4.89,5.06,5.06,4.61,4.61,4.61,4.69,4.69,4.69,4.69,4.71,4.71,4.71,4.71,4.31,4.31,4.31,4.19,4.19,4.19,3.84,3.6399999,3.6399999,3.6399999,3.25,3.25,3.1499999,3.1499999,3.1499999,2.83,2.83,2.83,2.83,2.25,2.25,1.9799999,1.9799999,1.9799999,1.9799999,1.66,1.66,1.48,1.4399999,1.4399999,1.3,1.3,1.3,1.3,0.9,0.9,0.9,0.90999997], [1.1999999,1.1999999,1.1999999,1.1999999,1.4699999,1.4699999,1.56,1.56,1.56,3.1,3.1,3.12,3.05,4.41,4.33,4.5099998,5.08,5.08,5.0299997,5.66,5.58,7.0699997,6.77,7.6699996,8.22,8.33,9.139999,8.79,8.73,8.25,8.44,8.59,8.97,8.97,8.97,8.97,8.49,8.49,8.49,7.56,7.56,7.56,7.41,7.41,7.41,8.08,8.08,8.08,8.08,6.0299997,6.0299997,6.5099998,6.5099998,6.54,6.54,6.15,6.15,6.15,6.15,5.5099998,5.5099998,5.5099998,5.89,5.89,5.89,5.89,5.0499997,5.0499997,4.42,4.42,4.42,4.96,4.88,4.5499997,4.5499997,4.3399997,4.3399997,4.3399997,4.3399997,4.9,4.9,4.9,4.9,4.89,4.89,4.89,4.89,5.37,5.37,5.37,5.15,5.15,5.0499997,5.37,5.37,4.67,4.67,4.83,4.81,4.79,4.83,4.83,4.5299997,4.5299997,4.5299997,4.5299997,3.62,3.7099998,3.11,3.11,3.11,3.0,3.0,3.0,3.0,2.33,2.33,2.28,2.28,2.28,2.3,2.3,2.3,2.3,2.3,3.55,3.55,4.74,4.5,4.5,4.5,5.31,5.31,5.06,5.06,5.06,5.31,5.31,5.89,5.89,5.89,5.56,5.56,5.56,5.56,5.85,5.85,5.85,5.92,6.1099997,6.1099997,4.99,4.99,4.99,5.22,5.22,5.22,5.22,5.48,5.48,5.48,5.48,5.08,5.08,5.08,5.22,5.22,5.22,4.45,3.3999999,3.3999999,3.3999999,3.53,3.53,3.83,3.83,3.83,2.75,2.75,2.75,2.75,2.6399999,2.6399999,2.03,2.03,2.03,2.03,1.91,1.91,1.36,1.77,1.77,1.3,1.3,1.3,1.3,1.35,1.35,1.35,1.1999999]],
    "RawData": ""
}