{
    "ID": "1010010",
    "Slave": 1,
    "GroupSN": 0,
    "Addr": [40300, 40302, 40304, 40306, 40327, 40317, 40320, 40331, 40333, 40351, 40353, 40355, 40357, 40359, 40361, 40363, 40365, 40367, 40369, 40371, 40373, 40402, 40404, 40981, 40983, 40984, 40985, 40991, 40993, 41001, 41251, 41501, 41751],
    "Value": [[0.64], [0.7], [0], [25.5], [97.02], [1], [1], [30.5], [34.5], [8.98], [9.01], [8.78], [220.4], [221.3], [220.9], [46.7], [21.3], [16.5], [2.3], [0.4], [0.5], [60], [60.5], [30], [200], [200], ["202200080009002000350037_simulate"], [2.4], [1.66],[0.0,0.0,0.0,0.0,0.01,0.01,0.02,0.02,0.03,0.04,0.049999997,0.06,0.07,0.08,0.089999996,0.099999994,0.12,0.13,0.14999999,0.16,0.17999999,0.19999999,0.22,0.24,0.26,0.28,0.29999998,0.32,0.34,0.35999998,0.39,0.41,0.42999998,0.45999998,0.48,0.51,0.53,0.56,0.58,0.61,0.63,0.65999997,0.68,0.71,0.72999996,0.76,0.78,0.81,0.83,0.85999995,0.88,0.90999997,0.93,0.96,0.97999996,1.0,1.03,1.05,1.0699999,1.1,1.12,1.14,1.16,1.18,1.2099999,1.23,1.25,1.27,1.29,1.31,1.3299999,1.35,1.36,1.38,1.4,1.42,1.43,1.4499999,1.4599999,1.48,1.49,1.51,1.52,1.53,1.54,1.56,1.5699999,1.5799999,1.5899999,1.5999999,1.5999999,1.61,1.62,1.63,1.63,1.64,1.64,1.65,1.65,1.65,1.65,1.66,1.66,1.66,1.65,1.65,1.65,1.65,1.64,1.64,1.63,1.62,1.61,1.61,1.5999999,1.5799999,1.5699999,1.56,1.55,1.54,1.52,1.51,1.49,1.4699999,1.4599999,1.4399999,1.42,1.4,1.38,1.36,1.3399999,1.3199999,1.3,1.28,1.26,1.23,1.2099999,1.1899999,1.16,1.14,1.11,1.09,1.06,1.04,1.01,0.98999995,0.96,0.93,0.90999997,0.88,0.84999996,0.82,0.79999995,0.77,0.74,0.71999997,0.69,0.65999997,0.64,0.61,0.58,0.56,0.53,0.51,0.48,0.45999998,0.42999998,0.41,0.39,0.35999998,0.34,0.32,0.29999998,0.28,0.26,0.24,0.22,0.21,0.19,0.17,0.16,0.14,0.13,0.11,0.099999994,0.089999996,0.07,0.06,0.049999997,0.04,0.03,0.03,0.02,0.01,0.01,0.01,0.0,0.0,0.0,0.0],[10.71,11.469999,12.3,13.059999,13.86,14.589999,15.28,15.799999,16.66,17.22,18.06,18.85,19.689999,20.57,21.47,22.38,22.82,22.81,22.539999,22.449999,22.609999,22.75,22.75,22.58,22.6,22.71,22.85,22.699999,22.619999,22.68,22.74,22.75,22.76,22.68,22.769999,22.8,22.89,22.73,22.66,22.71,22.8,22.76,22.72,22.8,22.84,22.84,22.8,22.73,22.82,22.769999,22.73,22.67,22.859999,22.869999,22.73,22.59,22.67,22.75,22.85,22.75,22.57,22.66,22.8,22.74,22.609999,22.539999,22.65,22.74,22.59,22.59,22.63,22.65,22.609999,22.55,22.63,22.55,22.47,22.41,22.5,22.5,22.5,22.48,22.46,22.35,22.32,22.5,22.46,22.519999,22.56,22.6,22.46,22.35,22.3,22.4,22.22,22.109999,22.06,22.07,22.15,22.17,22.09,21.949999,21.16,20.449999,19.8,19.08,18.31,17.449999,16.58,15.929999,15.349999,15.0,15.219999,15.349999,15.28,15.179999,15.259999,15.4,15.44,15.2699995,15.24,15.2,15.24,15.19,15.16,15.03,15.0199995,15.08,14.96,15.03,14.99,14.839999,14.679999,14.799999,14.83,14.71,14.73,14.599999,14.58,14.599999,14.63,14.71,14.57,14.58,14.509999,14.469999,14.309999,14.38,14.42,14.32,14.41,14.32,14.25,14.28,14.259999,14.17,14.03,13.99,14.03,13.88,13.75,13.639999,13.679999,13.639999,13.309999,13.2,13.11,13.0199995,12.71,12.309999,11.87,11.5,10.8,10.19,9.55,8.9,8.099999,8.08,8.59,8.78,8.53,8.17,8.01,8.349999,8.36,8.5,8.4,8.42,8.53,8.67,8.84,8.67,8.849999,9.09,9.2,9.3,9.34,9.559999,9.849999,10.15], [1.25,1.3399999,1.3399999,1.3399999,1.41,1.5899999,1.5899999,1.5899999,2.03,2.04,2.04,2.19,2.19,2.27,2.27,2.27,2.34,2.34,2.36,2.36,2.49,2.49,2.49,2.44,2.44,2.49,2.5,2.5,2.4099998,2.4099998,2.48,2.48,2.48,2.3,2.3,2.3,2.33,2.33,2.27,2.27,2.18,2.1299999,2.1299999,2.1399999,2.1399999,2.01,2.01,2.01,2.06,2.06,2.06,1.87,1.9,1.9,1.9,1.9,1.8299999,1.8299999,1.79,1.77,1.77,1.79,1.79,1.79,1.7199999,1.7199999,1.76,1.76,1.76,1.74,1.74,1.76,1.76,1.77,1.7099999,1.7099999,1.79,1.79,1.81,1.81,1.81,1.81,1.81,1.81,1.88,1.8399999,1.8399999,1.8399999,1.8499999,1.9,1.87,1.8499999,1.8299999,1.8199999,1.8299999,1.8199999,1.8299999,1.76,1.77,1.77,1.79,1.86,1.88,1.88,1.88,2.02,2.03,2.03,2.05,2.05,2.05,2.07,2.07,2.08,2.08,2.08,2.11,2.11,2.11,2.1599998,2.19,2.1499999,2.1499999,2.19,2.19,2.19,2.25,2.25,2.25,2.25,2.25,2.26,2.26,2.27,2.27,2.27,2.34,2.32,2.31,2.31,2.31,2.33,2.34,2.32,2.31,2.23,2.23,2.23,2.32,2.32,2.32,2.2,2.2,2.21,2.21,2.21,2.18,2.18,2.18,2.18,2.18,2.24,2.1699998,2.1699998,2.26,2.26,2.26,2.26,2.3899999,2.48,2.48,2.48,2.62,2.62,2.62,2.35,2.35,2.32,2.29,2.29,2.07,2.07,1.9599999,1.9599999,1.88,1.88,1.88,1.62,1.62,1.54,1.54,1.54,1.37,1.37,1.26,1.26,1.26,1.23,1.23,1.23], [12.099999,12.139999,12.139999,12.139999,12.139999,12.16,12.16,12.16,12.16,12.11,12.11,12.24,12.24,12.2,12.2,12.2,12.309999,12.309999,12.29,12.29,12.309999,12.309999,12.309999,12.3,12.3,12.32,12.33,12.33,12.349999,12.349999,12.219999,12.219999,12.219999,12.21,12.21,12.21,12.25,12.25,12.24,12.24,12.25,12.28,12.28,12.34,12.34,12.17,12.17,12.17,12.33,12.33,12.33,12.139999,12.2699995,12.2699995,12.2699995,12.2699995,12.21,12.21,12.25,12.13,12.13,12.19,12.19,12.19,12.099999,12.099999,12.2,12.2,12.2,12.12,12.12,12.23,12.23,12.25,12.099999,12.099999,12.19,12.19,12.24,12.24,12.139999,12.139999,12.139999,12.139999,12.21,12.17,12.17,12.28,12.2699995,12.12,12.11,12.15,12.309999,12.24,12.139999,12.08,12.23,12.28,12.25,12.16,12.09,12.21,12.2699995,12.2699995,12.2699995,12.15,12.2,12.2,12.259999,12.259999,12.259999,12.17,12.17,12.28,12.28,12.28,12.179999,12.179999,12.179999,12.28,12.179999,12.23,12.23,12.33,12.33,12.33,12.2,12.2,12.34,12.34,12.34,12.2,12.2,12.34,12.34,12.34,12.2,12.309999,12.37,12.37,12.179999,12.2,12.259999,12.21,12.139999,12.3,12.3,12.3,12.19,12.19,12.19,12.28,12.28,12.179999,12.179999,12.179999,12.309999,12.309999,12.16,12.16,12.16,12.33,12.25,12.25,12.17,12.17,12.17,12.17,12.29,12.219999,12.219999,12.219999,12.34,12.34,12.34,12.179999,12.179999,12.32,12.23,12.23,12.16,12.16,12.29,12.29,12.11,12.11,12.11,12.24,12.24,12.11,12.11,12.11,12.25,12.25,12.04,12.04,12.04,12.259999,12.259999,12.259999]],
    "RawData": ""
}