{
    "ID": "1010008",
    "Slave": 1,
    "GroupSN": 0,
    "Addr": [40016, 40300, 40302, 40304, 40306, 40327, 40317, 40320, 40331, 40333, 40351, 40353, 40355, 40357, 40359, 40361, 40363, 40365, 40367, 40369, 40371, 40373, 40402, 40404, 40981, 40983, 40984, 40985, 40991, 40993, 41001, 41251, 41501, 41751],
    "Value": [null, [0.64], [0.7], [0], [25.5], [97.02], [1], [1], [30.5], [34.5], [8.98], [9.01], [8.78], [220.4], [221.3], [220.9], [46.7], [21.3], [16.5], [2.3], [0.4], [0.5], [60], [60.5], [30], [200], [200], ["202200080009002000350037_simulate"], [3.26], [2.55],[0.0,0.0,0.0,0.01,0.01,0.02,0.03,0.04,0.049999997,0.07,0.08,0.099999994,0.11,0.13,0.14999999,0.17999999,0.19999999,0.22,0.25,0.26999998,0.29999998,0.32999998,0.35999998,0.39,0.42,0.45,0.48,0.52,0.55,0.58,0.62,0.65999997,0.69,0.72999996,0.76,0.79999995,0.84,0.87,0.90999997,0.95,0.97999996,1.02,1.06,1.09,1.13,1.17,1.1999999,1.24,1.28,1.31,1.35,1.38,1.42,1.4499999,1.49,1.52,1.55,1.5899999,1.62,1.65,1.6899999,1.7199999,1.75,1.78,1.81,1.8399999,1.87,1.9,1.93,1.9499999,1.9799999,2.01,2.04,2.06,2.09,2.11,2.1399999,2.1599998,2.19,2.21,2.23,2.25,2.28,2.3,2.32,2.34,2.35,2.37,2.3899999,2.4099998,2.4199998,2.44,2.45,2.46,2.48,2.49,2.5,2.51,2.52,2.53,2.53,2.54,2.54,2.55,2.55,2.55,2.55,2.55,2.54,2.54,2.53,2.52,2.51,2.5,2.48,2.47,2.45,2.44,2.4199998,2.3899999,2.37,2.35,2.32,2.29,2.26,2.23,2.2,2.1699998,2.1299999,2.1,2.06,2.03,1.99,1.9499999,1.91,1.88,1.8399999,1.8,1.76,1.7199999,1.68,1.64,1.5999999,1.56,1.51,1.4699999,1.43,1.39,1.35,1.31,1.27,1.23,1.1899999,1.15,1.11,1.0699999,1.03,0.98999995,0.95,0.91999996,0.88,0.84,0.79999995,0.77,0.72999996,0.69,0.65999997,0.62,0.59,0.55,0.52,0.48999998,0.45999998,0.42999998,0.39999998,0.37,0.34,0.31,0.28,0.26,0.22999999,0.21,0.19,0.17,0.14999999,0.13,0.11,0.089999996,0.08,0.06,0.049999997,0.04,0.03,0.02,0.01,0.01,0.0,0.0,0.0,0.0],[17.01,17.449999,17.83,18.279999,18.63,19.17,19.8,20.51,21.25,21.96,22.619999,23.39,24.39,25.31,26.16,27.199999,28.15,29.189999,29.63,29.109999,28.41,27.68,27.21,27.33,27.82,28.41,29.039999,29.199999,29.019999,28.699999,28.279999,28.07,28.08,28.349998,28.51,28.71,28.769999,28.64,28.539999,28.46,28.32,28.41,28.599998,28.609999,28.779999,28.75,28.73,28.68,28.49,28.39,28.439999,28.449999,28.49,28.63,28.539999,28.58,28.48,28.47,28.349998,28.31,28.38,28.4,28.39,28.43,28.39,28.32,28.38,28.14,28.17,28.25,28.23,28.31,28.38,28.369999,28.359999,28.269999,28.21,28.199999,28.199999,28.289999,28.3,28.32,28.31,28.199999,28.09,28.08,28.019999,28.01,28.01,27.98,27.98,27.98,27.92,27.82,27.68,27.619999,27.59,27.519999,27.46,27.439999,27.31,27.17,27.07,26.99,26.519999,25.63,25.21,24.779999,24.43,24.13,23.84,23.8,23.84,23.939999,24.01,23.939999,23.83,23.619999,23.3,23.17,23.24,23.31,23.33,23.34,23.269999,23.08,22.97,22.73,22.55,22.5,22.47,22.439999,22.42,22.41,22.23,22.22,22.0,21.939999,21.89,21.89,21.9,21.83,21.68,21.51,21.23,20.89,20.779999,20.51,20.289999,20.1,19.48,19.06,18.42,17.64,17.09,16.08,14.73,13.58,12.429999,11.44,12.21,12.75,13.23,13.969999,13.48,13.07,12.599999,12.12,12.219999,12.5199995,12.7699995,13.16,13.23,12.9,12.83,12.559999,12.49,12.71,12.809999,13.13,13.28,13.23,13.17,13.13,13.13,13.2699995,13.349999,13.69,13.809999,13.98,14.16,14.08,14.179999,14.28,14.429999,14.7,14.9,15.309999,16.56,18.66], [2.22,2.22,2.22,2.22,3.1999998,3.1999998,3.1999998,4.96,4.96,4.96,6.15,6.15,6.15,6.15,6.35,6.17,6.17,6.48,6.48,6.48,7.0499997,7.0499997,7.0499997,7.0499997,6.6099997,6.6099997,6.6099997,6.6,6.6,6.6,6.3199997,6.3199997,6.3199997,6.3199997,5.7599998,5.6299996,5.6299996,5.46,5.46,5.46,5.46,4.8399997,4.8399997,4.8399997,4.73,4.73,4.73,4.73,4.29,4.29,3.9599998,3.9599998,3.9599998,3.9599998,3.8899999,3.8899999,3.83,3.77,3.6599998,3.6599998,3.6599998,3.6299999,3.6299999,3.6299999,3.6299999,3.6299999,3.77,3.77,3.73,3.73,3.73,3.9399998,3.9399998,3.9399998,4.11,4.11,4.11,4.11,4.11,4.17,4.14,4.14,4.38,4.38,4.38,4.37,4.37,4.2799997,4.2799997,4.2799997,4.2799997,4.2799997,4.15,4.15,4.15,3.87,3.87,3.87,3.87,3.28,3.23,3.23,3.23,2.96,2.96,2.96,2.37,2.37,2.37,1.74,1.74,1.74,1.37,1.37,1.37,1.37,0.63,0.63,0.63,0.37,0.37,0.37,0.37,0.19999999,0.19999999,0.0,0.0,0.0,0.0,0.0,0.0,0.0,0.0,0.13,0.0,0.0,0.14,0.14,0.14,0.14,0.45999998,0.45999998,0.45999998,0.76,0.76,0.76,1.36,1.36,2.24,2.9099998,2.9099998,2.9099998,2.9099998,3.77,3.77,3.4299998,3.4299998,3.4299998,3.4299998,3.07,3.07,3.07,3.01,3.01,2.71,2.7,2.55,2.5,2.36,2.35,2.27,2.1,1.93,1.87,1.75,1.75,1.75,1.74,1.66,1.61,1.51,1.3199999,1.35,1.25,1.28,1.23,1.23,1.23,1.23,1.23,1.14,1.14,1.2099999,1.2099999,1.2099999,1.49,1.49,2.06,2.06,2.06], [10.46,10.46,10.46,10.46,10.58,10.58,10.58,11.099999,11.099999,11.099999,11.429999,11.429999,11.429999,11.429999,11.45,11.33,11.33,11.57,11.57,11.57,11.95,11.95,11.95,11.95,11.429999,11.429999,11.429999,11.79,11.79,11.79,11.21,11.21,11.21,11.21,11.29,11.09,11.09,10.96,10.96,10.96,10.96,10.849999,10.849999,10.849999,10.849999,10.849999,10.849999,10.849999,10.71,10.71,10.639999,10.639999,10.639999,10.639999,10.57,10.57,10.74,10.66,10.58,10.58,10.58,10.61,10.61,10.61,10.61,10.61,10.69,10.69,10.559999,10.559999,10.559999,10.78,10.78,10.78,10.65,10.65,10.65,10.65,10.65,10.8,10.679999,10.679999,10.679999,10.679999,10.679999,10.849999,10.849999,10.69,10.69,10.69,10.69,10.69,10.71,10.71,10.71,10.53,10.53,10.53,10.53,10.54,10.55,10.55,10.55,10.42,10.42,10.42,10.469999,10.469999,10.469999,10.3,10.3,10.3,10.469999,10.469999,10.469999,10.469999,10.349999,10.349999,10.349999,10.5,10.5,10.5,10.5,10.46,10.46,10.62,10.62,10.62,10.62,10.55,10.55,10.55,10.55,10.46,10.599999,10.599999,10.46,10.46,10.46,10.46,10.5199995,10.5199995,10.5199995,10.349999,10.349999,10.349999,10.42,10.42,10.44,10.46,10.46,10.46,10.46,10.639999,10.639999,10.58,10.58,10.58,10.58,10.42,10.42,10.42,10.5199995,10.5199995,10.42,10.38,10.37,10.37,10.44,10.45,10.46,10.36,10.309999,10.309999,10.389999,10.389999,10.389999,10.429999,10.429999,10.4,10.429999,10.29,10.41,10.429999,10.46,10.429999,10.429999,10.429999,10.429999,10.429999,10.34,10.34,10.45,10.45,10.45,10.389999,10.389999,10.53,10.53,10.53]],
    "RawData": ""
}