{
    "ID": "3010005",
    "Slave": 1,
    "GroupSN": 0,
    "Addr": [40300, 40302, 40304, 40306, 40327, 40317, 40320, 40331, 40333, 40351, 40353, 40355, 40357, 40359, 40361, 40363, 40365, 40367, 40369, 40371, 40373, 40402, 40404, 40981, 40983, 40984, 40985, 40991, 40993, 41001, 41251, 41501, 41751],
    "Value": [[0.6], [0.75], [0.5], [25.5], [97.02], [0], [1], [30.5], [34.5], [8.98], [9.01], [8.78], [220.4], [221.3], [220.9], [46.7], [21.3], [16.5], [2.3], [0.4], [0.5], [60], [60.5], [30], [200], [200], ["202200080009002000350037_simulate"], [3.43], [1.65],[0.0,0.0,0.0,0.0,0.01,0.01,0.01,0.02,0.03,0.04,0.04,0.049999997,0.06,0.07,0.089999996,0.099999994,0.11,0.13,0.14,0.16,0.17999999,0.19,0.21,0.22999999,0.25,0.26999998,0.29,0.31,0.32999998,0.35,0.38,0.39999998,0.42,0.45,0.47,0.5,0.52,0.53999996,0.57,0.59,0.62,0.65,0.66999996,0.7,0.71999997,0.75,0.77,0.79999995,0.82,0.84999996,0.87,0.9,0.93,0.95,0.97999996,1.0,1.02,1.05,1.0699999,1.1,1.12,1.14,1.16,1.1899999,1.2099999,1.23,1.25,1.27,1.29,1.31,1.3299999,1.35,1.37,1.39,1.41,1.42,1.4399999,1.4499999,1.4699999,1.48,1.49,1.51,1.52,1.53,1.54,1.56,1.5699999,1.5799999,1.5799999,1.5899999,1.5999999,1.61,1.62,1.62,1.63,1.63,1.64,1.64,1.64,1.65,1.65,1.65,1.65,1.65,1.65,1.65,1.64,1.64,1.64,1.63,1.62,1.62,1.61,1.5999999,1.5899999,1.5799999,1.5699999,1.56,1.55,1.53,1.52,1.51,1.49,1.48,1.4599999,1.4399999,1.42,1.41,1.39,1.37,1.35,1.3299999,1.31,1.28,1.26,1.24,1.22,1.1899999,1.17,1.14,1.12,1.09,1.0699999,1.04,1.02,0.98999995,0.96999997,0.94,0.91999996,0.89,0.85999995,0.84,0.81,0.78,0.76,0.72999996,0.71,0.68,0.65999997,0.63,0.59999996,0.58,0.55,0.53,0.5,0.48,0.45999998,0.42999998,0.41,0.39,0.35999998,0.34,0.32,0.29999998,0.28,0.26,0.24,0.22,0.19999999,0.19,0.17,0.14999999,0.14,0.12,0.11,0.099999994,0.08,0.07,0.06,0.049999997,0.04,0.03,0.03,0.02,0.01,0.01,0.01,0.0,0.0,0.0],[17.46,17.52,18.23,18.44,18.609999,18.76,18.71,18.56,18.41,18.35,18.47,18.65,18.8,18.789999,18.699999,18.55,18.48,18.5,18.619999,18.77,18.85,18.82,18.71,18.529999,18.51,18.58,18.66,18.77,18.779999,18.699999,18.609999,18.539999,18.6,18.69,18.72,18.82,18.75,18.66,18.539999,18.51,18.59,18.68,18.779999,18.84,18.77,18.69,18.68,18.69,18.75,18.82,18.84,18.81,18.76,18.67,18.64,18.63,18.68,18.68,18.68,18.68,18.71,18.76,18.77,18.8,18.91,18.91,18.88,18.85,18.83,18.77,18.84,18.92,18.89,18.869999,18.869999,18.81,18.77,18.75,18.81,18.789999,18.779999,18.77,18.71,18.68,18.71,18.71,18.699999,18.76,18.77,18.69,18.71,18.699999,18.68,18.699999,18.68,18.69,18.609999,18.65,18.64,18.64,18.72,18.68,18.77,18.34,17.14,16.64,16.449999,16.27,16.31,16.39,16.529999,16.67,16.63,16.449999,16.279999,16.21,16.3,16.44,16.57,16.56,16.52,16.39,16.23,16.26,16.4,16.5,16.58,16.52,16.38,16.26,16.18,16.27,16.42,16.56,16.59,16.5,16.42,16.23,16.32,16.449999,16.609999,16.58,16.6,16.68,16.65,16.57,16.619999,16.72,16.76,16.71,16.6,16.56,16.55,16.56,16.6,16.65,16.699999,16.74,16.8,16.88,16.81,16.85,16.859999,16.949999,16.9,16.859999,16.859999,16.81,16.869999,16.859999,16.949999,16.99,16.96,16.97,16.98,16.96,16.96,17.05,17.119999,17.06,17.109999,17.07,17.07,17.109999,17.199999,17.21,17.21,17.24,17.22,17.25,17.25,17.33,17.33,17.35,17.38,17.38,17.39,17.41,17.43,17.43], [0.0,0.0,0.0,0.0,0.0,0.0,0.0,0.0,0.0,0.0,0.0,0.0,0.0,0.0,0.0,0.0,0.0,0.0,0.0,0.0,0.0,0.0,0.0,0.0,0.0,0.0,0.0,0.0,0.0,0.0,0.0,0.0,0.0,0.0,0.0,0.0,0.0,0.0,0.0,0.0,0.0,0.0,0.0,0.0,0.0,0.0,0.0,0.0,0.0,0.0,0.0,0.0,0.0,0.0,0.0,0.0,0.0,0.0,0.0,0.0,0.0,0.0,0.0,0.0,0.0,0.0,0.0,0.0,0.0,0.0,0.0,0.0,0.0,0.0,0.0,0.0,0.0,0.0,0.0,0.0,0.0,0.0,0.0,0.0,0.0,0.0,0.0,0.0,0.0,0.0,0.0,0.0,0.0,0.0,0.0,0.0,0.0,0.0,0.0,0.0,0.0,0.0,0.0,0.0,0.0,0.0,0.0,0.0,0.0,0.0,0.0,0.0,0.0,0.0,0.0,0.0,0.0,0.0,0.0,0.0,0.0,0.0,0.0,0.0,0.0,0.0,0.0,0.0,0.0,0.0,0.0,0.0,0.0,0.0,0.0,0.0,0.0,0.0,0.0,0.0,0.0,0.0,0.0,0.0,0.0,0.0,0.0,0.0,0.0,0.0,0.0,0.0,0.0,0.0,0.0,0.0,0.0,0.0,0.0,0.0,0.0,0.0,0.0,0.0,0.0,0.0,0.0,0.0,0.0,0.0,0.0,0.0,0.0,0.0,0.0,0.0,0.0,0.0,0.0,0.0,0.0,0.0,0.0,0.0,0.0,0.0,0.0,0.0,0.0,0.0,0.0,0.0,0.0,0.0,0.0,0.0,0.0,0.0,0.0,0.0], [0.0,0.0,0.0,0.0,0.0,0.0,0.0,0.0,0.0,0.0,0.0,0.0,0.0,0.0,0.0,0.0,0.0,0.0,0.0,0.0,0.0,0.0,0.0,0.0,0.0,0.0,0.0,0.0,0.0,0.0,0.0,0.0,0.0,0.0,0.0,0.0,0.0,0.0,0.0,0.0,0.0,0.0,0.0,0.0,0.0,0.0,0.0,0.0,0.0,0.0,0.0,0.0,0.0,0.0,0.0,0.0,0.0,0.0,0.0,0.0,0.0,0.0,0.0,0.0,0.0,0.0,0.0,0.0,0.0,0.0,0.0,0.0,0.0,0.0,0.0,0.0,0.0,0.0,0.0,0.0,0.0,0.0,0.0,0.0,0.0,0.0,0.0,0.0,0.0,0.0,0.0,0.0,0.0,0.0,0.0,0.0,0.0,0.0,0.0,0.0,0.0,0.0,0.0,0.0,0.0,0.0,0.0,0.0,0.0,0.0,0.0,0.0,0.0,0.0,0.0,0.0,0.0,0.0,0.0,0.0,0.0,0.0,0.0,0.0,0.0,0.0,0.0,0.0,0.0,0.0,0.0,0.0,0.0,0.0,0.0,0.0,0.0,0.0,0.0,0.0,0.0,0.0,0.0,0.0,0.0,0.0,0.0,0.0,0.0,0.0,0.0,0.0,0.0,0.0,0.0,0.0,0.0,0.0,0.0,0.0,0.0,0.0,0.0,0.0,0.0,0.0,0.0,0.0,0.0,0.0,0.0,0.0,0.0,0.0,0.0,0.0,0.0,0.0,0.0,0.0,0.0,0.0,0.0,0.0,0.0,0.0,0.0,0.0,0.0,0.0,0.0,0.0,0.0,0.0,0.0,0.0,0.0,0.0,0.0,0.0]],
    "RawData": ""
}