{
    "ID": "1010002",
    "Slave": 1,
    "GroupSN": 0,
    "Addr": [56,40300, 40302, 40304, 40306, 40327, 40317, 40320, 40331, 40333, 40351, 40353, 40355, 40357, 40359, 40361, 40363, 40365, 40367, 40369, 40371, 40373, 40402, 40404, 40981, 40983, 40984, 40985, 40991, 40993, 41001, 41251, 41501, 41751],
    "Value": [[true,false,true,false,true,false,true,false,true,false,true,false,true,false,true,false],[0.64], [0.7], [0], [25.5], [97.02], [1], [1], [30.5], [34.5], [8.98], [9.01], [8.78], [220.4], [221.3], [220.9], [46.7], [21.3], [16.5], [2.3], [0.4], [0.5], [60], [60.5], [30], [200], [200], ["202200080009002000350037_simulate"], [4.21], [2.62], [0.0,0.0,0.0,0.01,0.01,0.02,0.03,0.04,0.06,0.07,0.08,0.099999994,0.12,0.14,0.16,0.17999999,0.21,0.22999999,0.26,0.28,0.31,0.34,0.37,0.39999998,0.44,0.47,0.5,0.53999996,0.57,0.61,0.65,0.68,0.71999997,0.76,0.79999995,0.83,0.87,0.90999997,0.95,0.98999995,1.03,1.06,1.1,1.14,1.18,1.22,1.25,1.29,1.3299999,1.36,1.4,1.4399999,1.4699999,1.51,1.54,1.5799999,1.61,1.64,1.68,1.7099999,1.74,1.78,1.81,1.8399999,1.87,1.9,1.93,1.9599999,1.99,2.02,2.05,2.08,2.1,2.1299999,2.1599998,2.18,2.21,2.23,2.26,2.28,2.3,2.33,2.35,2.37,2.3899999,2.4099998,2.4299998,2.45,2.46,2.48,2.5,2.51,2.53,2.54,2.56,2.57,2.58,2.59,2.6,2.6,2.61,2.62,2.62,2.62,2.62,2.62,2.62,2.62,2.61,2.61,2.6,2.59,2.58,2.56,2.55,2.53,2.51,2.49,2.47,2.45,2.4199998,2.3999999,2.37,2.34,2.31,2.28,2.25,2.21,2.18,2.1499999,2.11,2.07,2.04,2.0,1.9599999,1.92,1.89,1.8499999,1.81,1.77,1.73,1.68,1.64,1.5999999,1.56,1.52,1.48,1.4399999,1.4,1.36,1.3199999,1.28,1.24,1.1999999,1.16,1.12,1.0799999,1.04,1.0,0.96,0.91999996,0.88,0.84,0.79999995,0.76,0.72999996,0.69,0.65,0.62,0.58,0.55,0.51,0.48,0.45,0.42,0.39,0.35999998,0.32999998,0.29999998,0.28,0.25,0.22999999,0.19999999,0.17999999,0.16,0.14,0.12,0.099999994,0.08,0.07,0.06,0.04,0.03,0.02,0.02,0.01,0.01,0.0,0.0,0.0], [16.529999,16.97,17.55,18.119999,18.6,19.029999,19.619999,20.42,21.39,22.25,23.0,23.949999,24.88,26.0,27.23,28.13,28.539999,28.38,28.05,27.949999,28.17,28.439999,28.41,28.23,28.08,28.24,28.359999,28.38,28.3,28.31,28.359999,28.359999,28.3,28.3,28.42,28.43,28.359999,28.359999,28.439999,28.43,28.32,28.349998,28.43,28.49,28.42,28.43,28.449999,28.47,28.5,28.439999,28.449999,28.42,28.529999,28.56,28.51,28.49,28.55,28.59,28.529999,28.49,28.55,28.619999,28.619999,28.529999,28.58,28.619999,28.68,28.59,28.58,28.59,28.689999,28.72,28.619999,28.65,28.74,28.75,28.74,28.72,28.789999,28.73,28.59,28.599998,28.539999,28.56,28.51,28.5,28.449999,28.39,28.439999,28.47,28.32,28.32,28.3,28.38,28.38,28.279999,28.22,28.17,28.08,28.099998,28.09,27.99,27.9,27.26,26.42,25.97,25.47,25.0,24.8,24.84,24.89,24.88,24.74,24.699999,24.689999,24.66,24.779999,24.75,24.65,24.59,24.58,24.58,24.57,24.43,24.34,24.189999,24.039999,24.109999,24.029999,24.0,24.0,23.85,23.75,23.67,23.57,23.539999,23.449999,23.41,23.05,22.92,22.859999,22.539999,22.029999,21.47,20.71,19.73,18.32,16.46,14.53,12.679999,12.19,12.87,13.62,13.7,13.12,12.61,12.54,12.929999,13.259999,13.13,12.92,12.75,12.88,12.94,13.09,13.07,13.0,12.929999,13.03,13.16,13.21,13.12,13.09,13.099999,13.24,13.309999,13.299999,13.309999,13.34,13.37,13.469999,13.5,13.57,13.639999,13.639999,13.679999,13.7699995,13.69,13.83,13.9,13.88,13.929999,14.04,14.17,14.28,14.37,14.49,15.29,16.18,16.16], [1.62,1.62,2.03,2.03,2.46,2.46,2.99,2.99,2.99,3.82,3.82,4.36,4.36,4.54,4.54,4.54,4.7599998,4.7599998,5.0099998,5.0099998,5.0699997,5.0699997,5.0699997,5.0699997,5.12,5.12,5.12,5.1099997,5.0299997,5.0299997,5.0299997,5.0299997,4.87,4.87,4.73,4.73,4.58,4.58,4.58,4.31,4.31,4.17,4.17,4.04,4.04,3.85,3.85,3.85,3.6599998,3.6599998,3.6599998,3.58,3.46,3.46,3.46,3.46,3.35,3.26,3.26,3.26,3.26,3.22,3.22,3.22,3.1999998,3.1999998,3.1999998,3.1999998,3.22,3.22,3.22,3.22,3.28,3.35,3.35,3.35,3.35,3.35,3.35,3.4299998,3.4399998,3.4399998,3.4399998,3.54,3.54,3.54,3.58,3.58,3.58,3.51,3.48,3.48,3.48,3.34,3.32,3.28,3.1499999,3.11,2.99,2.9199998,2.75,2.6599998,2.6599998,2.6,2.45,2.33,2.26,2.22,1.9799999,1.92,1.73,1.73,1.55,1.55,1.23,1.23,1.23,0.96999997,0.96999997,0.96999997,0.79999995,0.7,0.7,0.7,0.57,0.5,0.5,0.5,0.35999998,0.35999998,0.38,0.41,0.39,0.37,0.37,0.35999998,0.44,0.48999998,0.48999998,0.58,0.81,0.94,0.94,1.0699999,1.31,2.1399999,2.1399999,2.1399999,3.28,3.06,3.06,3.06,3.01,3.1999998,3.1999998,3.1999998,2.99,2.99,2.8799999,2.8799999,2.84,2.69,2.6599998,2.61,2.56,2.54,2.49,2.36,2.31,2.28,2.27,2.19,2.1,2.05,1.99,1.92,1.91,1.79,1.79,1.79,1.5799999,1.5799999,1.5799999,1.51,1.4399999,1.4399999,1.41,1.41,1.3399999,1.29,1.29,1.29,1.25,1.26,1.26,1.26,1.42,1.42,1.42,1.62], [13.17,13.17,13.38,13.38,13.21,13.21,13.46,13.46,13.46,13.42,13.42,13.719999,13.719999,13.63,13.63,13.63,13.759999,13.759999,13.71,13.71,13.82,13.82,13.82,13.82,13.719999,13.719999,13.719999,13.91,13.679999,13.679999,13.679999,13.679999,13.86,13.86,13.65,13.65,13.67,13.67,13.67,13.49,13.49,13.58,13.58,13.509999,13.509999,13.45,13.45,13.45,13.469999,13.469999,13.469999,13.4,13.509999,13.509999,13.509999,13.509999,13.38,13.44,13.44,13.41,13.41,13.36,13.36,13.36,13.41,13.41,13.349999,13.349999,13.469999,13.469999,13.469999,13.469999,13.37,13.5,13.5,13.5,13.32,13.32,13.32,13.509999,13.32,13.32,13.32,13.549999,13.549999,13.549999,13.38,13.38,13.38,13.5199995,13.32,13.32,13.32,13.49,13.41,13.33,13.32,13.37,13.44,13.429999,13.23,13.25,13.25,13.29,13.41,13.2699995,13.2,13.179999,13.29,13.38,13.29,13.29,13.25,13.25,13.4,13.4,13.4,13.219999,13.219999,13.219999,13.44,13.32,13.32,13.32,13.349999,13.45,13.45,13.45,13.34,13.37,13.5,13.46,13.28,13.309999,13.389999,13.41,13.41,13.309999,13.24,13.299999,13.41,13.349999,13.349999,13.2699995,13.19,13.33,13.33,13.33,13.45,13.309999,13.309999,13.309999,13.38,13.299999,13.299999,13.299999,13.34,13.34,13.41,13.41,13.29,13.37,13.41,13.349999,13.219999,13.24,13.29,13.38,13.4,13.309999,13.25,13.2,13.34,13.38,13.42,13.33,13.24,13.32,13.32,13.32,13.24,13.24,13.24,13.33,13.389999,13.389999,13.29,13.29,13.25,13.2699995,13.2699995,13.28,13.33,13.24,13.24,13.24,13.4,13.4,13.4,13.17]],
    "RawData": ""
}